<?xml version="1.0" encoding="UTF-8"?>
<preferences>
 <debug showDebugMenu="0" />
 <systemtable filter="All Interfaces">
  <columns>
   <connections preferredWidth="239" />
   <irq preferredWidth="47" />
  </columns>
 </systemtable>
 <library
   expandedCategories="Library/University Program/Communications,Library/University Program/Generic IO,Library/University Program/Bridges,Library/University Program/Memory,Library/University Program,Library,Project,Library/University Program/Clock,Project/System" />
 <window width="1920" height="1008" x="0" y="0" />
</preferences>
